run,event_index,label,eeglab_latency_1based,sample_0based,onset_s,next_transition_or_recording_end_s,interval_s,set_duration_missing,source_edf_duration_s,epoch_1_to_4s_fits,source_edf_end_s,epoch_1_to_4s_fits_source_duration
4,1,TASK2T0,1,0,0.0,4.2,4.2,True,4.2,,4.2,
4,2,TASK2T2,673,672,4.2,8.3,4.1,True,4.1,True,8.3,True
4,3,TASK2T0,1329,1328,8.3,12.5,4.2,True,4.2,,12.5,
4,4,TASK2T1,2001,2000,12.5,16.6,4.1,True,4.1,True,16.6,True
4,5,TASK2T0,2657,2656,16.6,20.8,4.2,True,4.2,,20.8,
4,6,TASK2T1,3329,3328,20.8,24.9,4.1,True,4.1,True,24.9,True
4,7,TASK2T0,3985,3984,24.9,29.1,4.2,True,4.2,,29.1,
4,8,TASK2T2,4657,4656,29.1,33.2,4.1,True,4.1,True,33.2,True
4,9,TASK2T0,5313,5312,33.2,37.4,4.2,True,4.2,,37.4,
4,10,TASK2T2,5985,5984,37.4,41.5,4.1,True,4.1,True,41.5,True
4,11,TASK2T0,6641,6640,41.5,45.7,4.2,True,4.2,,45.7,
4,12,TASK2T1,7313,7312,45.7,49.8,4.1,True,4.1,True,49.8,True
4,13,TASK2T0,7969,7968,49.8,54.0,4.2,True,4.2,,54.0,
4,14,TASK2T2,8641,8640,54.0,58.1,4.1,True,4.1,True,58.1,True
4,15,TASK2T0,9297,9296,58.1,62.3,4.2,True,4.2,,62.3,
4,16,TASK2T1,9969,9968,62.3,66.4,4.1,True,4.1,True,66.4,True
4,17,TASK2T0,10625,10624,66.4,70.6,4.2,True,4.2,,70.6,
4,18,TASK2T2,11297,11296,70.6,74.7,4.1,True,4.1,True,74.7,True
4,19,TASK2T0,11953,11952,74.7,78.9,4.2,True,4.2,,78.9,
4,20,TASK2T1,12625,12624,78.9,83.0,4.1,True,4.1,True,83.0,True
4,21,TASK2T0,13281,13280,83.0,87.2,4.2,True,4.2,,87.2,
4,22,TASK2T1,13953,13952,87.2,91.3,4.1,True,4.1,True,91.3,True
4,23,TASK2T0,14609,14608,91.3,95.5,4.2,True,4.2,,95.5,
4,24,TASK2T2,15281,15280,95.5,99.6,4.1,True,4.1,True,99.6,True
4,25,TASK2T0,15937,15936,99.6,103.8,4.2,True,4.2,,103.8,
4,26,TASK2T1,16609,16608,103.8,107.9,4.1,True,4.1,True,107.9,True
4,27,TASK2T0,17265,17264,107.9,112.1,4.2,True,4.2,,112.1,
4,28,TASK2T2,17937,17936,112.1,116.2,4.1,True,4.1,True,116.2,True
4,29,TASK2T0,18593,18592,116.2,120.4,4.2,True,4.2,,120.4,
4,30,TASK2T1,19265,19264,120.4,125.0,4.6,True,4.1,True,124.5,True
8,1,TASK2T0,1,0,0.0,4.2,4.2,True,4.2,,4.2,
8,2,TASK2T1,673,672,4.2,8.3,4.1,True,4.1,True,8.3,True
8,3,TASK2T0,1329,1328,8.3,12.5,4.2,True,4.2,,12.5,
8,4,TASK2T2,2001,2000,12.5,16.6,4.1,True,4.1,True,16.6,True
8,5,TASK2T0,2657,2656,16.6,20.8,4.2,True,4.2,,20.8,
8,6,TASK2T1,3329,3328,20.8,24.9,4.1,True,4.1,True,24.9,True
8,7,TASK2T0,3985,3984,24.9,29.1,4.2,True,4.2,,29.1,
8,8,TASK2T2,4657,4656,29.1,33.2,4.1,True,4.1,True,33.2,True
8,9,TASK2T0,5313,5312,33.2,37.4,4.2,True,4.2,,37.4,
8,10,TASK2T1,5985,5984,37.4,41.5,4.1,True,4.1,True,41.5,True
8,11,TASK2T0,6641,6640,41.5,45.7,4.2,True,4.2,,45.7,
8,12,TASK2T2,7313,7312,45.7,49.8,4.1,True,4.1,True,49.8,True
8,13,TASK2T0,7969,7968,49.8,54.0,4.2,True,4.2,,54.0,
8,14,TASK2T1,8641,8640,54.0,58.1,4.1,True,4.1,True,58.1,True
8,15,TASK2T0,9297,9296,58.1,62.3,4.2,True,4.2,,62.3,
8,16,TASK2T2,9969,9968,62.3,66.4,4.1,True,4.1,True,66.4,True
8,17,TASK2T0,10625,10624,66.4,70.6,4.2,True,4.2,,70.6,
8,18,TASK2T2,11297,11296,70.6,74.7,4.1,True,4.1,True,74.7,True
8,19,TASK2T0,11953,11952,74.7,78.9,4.2,True,4.2,,78.9,
8,20,TASK2T1,12625,12624,78.9,83.0,4.1,True,4.1,True,83.0,True
8,21,TASK2T0,13281,13280,83.0,87.2,4.2,True,4.2,,87.2,
8,22,TASK2T1,13953,13952,87.2,91.3,4.1,True,4.1,True,91.3,True
8,23,TASK2T0,14609,14608,91.3,95.5,4.2,True,4.2,,95.5,
8,24,TASK2T2,15281,15280,95.5,99.6,4.1,True,4.1,True,99.6,True
8,25,TASK2T0,15937,15936,99.6,103.8,4.2,True,4.2,,103.8,
8,26,TASK2T2,16609,16608,103.8,107.9,4.1,True,4.1,True,107.9,True
8,27,TASK2T0,17265,17264,107.9,112.1,4.2,True,4.2,,112.1,
8,28,TASK2T1,17937,17936,112.1,116.2,4.1,True,4.1,True,116.2,True
8,29,TASK2T0,18593,18592,116.2,120.4,4.2,True,4.2,,120.4,
8,30,TASK2T1,19265,19264,120.4,125.0,4.6,True,4.1,True,124.5,True
12,1,TASK2T0,1,0,0.0,4.2,4.2,True,4.2,,4.2,
12,2,TASK2T2,673,672,4.2,8.3,4.1,True,4.1,True,8.3,True
12,3,TASK2T0,1329,1328,8.3,12.5,4.2,True,4.2,,12.5,
12,4,TASK2T1,2001,2000,12.5,16.6,4.1,True,4.1,True,16.6,True
12,5,TASK2T0,2657,2656,16.6,20.8,4.2,True,4.2,,20.8,
12,6,TASK2T2,3329,3328,20.8,24.9,4.1,True,4.1,True,24.9,True
12,7,TASK2T0,3985,3984,24.9,29.1,4.2,True,4.2,,29.1,
12,8,TASK2T1,4657,4656,29.1,33.2,4.1,True,4.1,True,33.2,True
12,9,TASK2T0,5313,5312,33.2,37.4,4.2,True,4.2,,37.4,
12,10,TASK2T1,5985,5984,37.4,41.5,4.1,True,4.1,True,41.5,True
12,11,TASK2T0,6641,6640,41.5,45.7,4.2,True,4.2,,45.7,
12,12,TASK2T2,7313,7312,45.7,49.8,4.1,True,4.1,True,49.8,True
12,13,TASK2T0,7969,7968,49.8,54.0,4.2,True,4.2,,54.0,
12,14,TASK2T2,8641,8640,54.0,58.1,4.1,True,4.1,True,58.1,True
12,15,TASK2T0,9297,9296,58.1,62.3,4.2,True,4.2,,62.3,
12,16,TASK2T1,9969,9968,62.3,66.4,4.1,True,4.1,True,66.4,True
12,17,TASK2T0,10625,10624,66.4,70.6,4.2,True,4.2,,70.6,
12,18,TASK2T1,11297,11296,70.6,74.7,4.1,True,4.1,True,74.7,True
12,19,TASK2T0,11953,11952,74.7,78.9,4.2,True,4.2,,78.9,
12,20,TASK2T2,12625,12624,78.9,83.0,4.1,True,4.1,True,83.0,True
12,21,TASK2T0,13281,13280,83.0,87.2,4.2,True,4.2,,87.2,
12,22,TASK2T2,13953,13952,87.2,91.3,4.1,True,4.1,True,91.3,True
12,23,TASK2T0,14609,14608,91.3,95.5,4.2,True,4.2,,95.5,
12,24,TASK2T1,15281,15280,95.5,99.6,4.1,True,4.1,True,99.6,True
12,25,TASK2T0,15937,15936,99.6,103.8,4.2,True,4.2,,103.8,
12,26,TASK2T2,16609,16608,103.8,107.9,4.1,True,4.1,True,107.9,True
12,27,TASK2T0,17265,17264,107.9,112.1,4.2,True,4.2,,112.1,
12,28,TASK2T1,17937,17936,112.1,116.2,4.1,True,4.1,True,116.2,True
12,29,TASK2T0,18593,18592,116.2,120.4,4.2,True,4.2,,120.4,
12,30,TASK2T2,19265,19264,120.4,125.0,4.6,True,4.1,True,124.5,True
