decoder,id,run,event_sample,start_sample,stop_sample,onset_s,label,target,imagery_duration_s,true_label,predicted_label,probability_left,probability_right
csp_lda,sub-001_run-12_sample-672,12,672,832,1312,4.2,TASK2T2,1,4.1,1,1,0.011099541927289125,0.9889004580727109
csp_lda,sub-001_run-12_sample-2000,12,2000,2160,2640,12.5,TASK2T1,0,4.1,0,1,0.07559453426056806,0.9244054657394319
csp_lda,sub-001_run-12_sample-3328,12,3328,3488,3968,20.8,TASK2T2,1,4.1,1,0,0.8997212779429478,0.10027872205705224
csp_lda,sub-001_run-12_sample-4656,12,4656,4816,5296,29.1,TASK2T1,0,4.1,0,1,0.09825368620238617,0.9017463137976138
csp_lda,sub-001_run-12_sample-5984,12,5984,6144,6624,37.4,TASK2T1,0,4.1,0,0,0.5350425284752116,0.4649574715247884
csp_lda,sub-001_run-12_sample-7312,12,7312,7472,7952,45.7,TASK2T2,1,4.1,1,1,0.4197570184546531,0.5802429815453469
csp_lda,sub-001_run-12_sample-8640,12,8640,8800,9280,54.0,TASK2T2,1,4.1,1,1,0.0007956272315442492,0.9992043727684558
csp_lda,sub-001_run-12_sample-9968,12,9968,10128,10608,62.3,TASK2T1,0,4.1,0,0,0.6993060333708092,0.3006939666291908
csp_lda,sub-001_run-12_sample-11296,12,11296,11456,11936,70.6,TASK2T1,0,4.1,0,0,0.9900811816706466,0.0099188183293534
csp_lda,sub-001_run-12_sample-12624,12,12624,12784,13264,78.9,TASK2T2,1,4.1,1,0,0.8695469465752275,0.13045305342477248
csp_lda,sub-001_run-12_sample-13952,12,13952,14112,14592,87.2,TASK2T2,1,4.1,1,0,0.995063807781445,0.004936192218554961
csp_lda,sub-001_run-12_sample-15280,12,15280,15440,15920,95.5,TASK2T1,0,4.1,0,0,0.9999257342521539,7.426574784603318e-05
csp_lda,sub-001_run-12_sample-16608,12,16608,16768,17248,103.8,TASK2T2,1,4.1,1,0,0.9995858485913846,0.00041415140861548934
csp_lda,sub-001_run-12_sample-17936,12,17936,18096,18576,112.1,TASK2T1,0,4.1,0,0,0.9863316969304488,0.013668303069551234
csp_lda,sub-001_run-12_sample-19264,12,19264,19424,19904,120.4,TASK2T2,1,4.1,1,1,0.17317870677025982,0.8268212932297402
bandpower_lda,sub-001_run-12_sample-672,12,672,832,1312,4.2,TASK2T2,1,4.1,1,0,0.7966610452430332,0.20333895475696678
bandpower_lda,sub-001_run-12_sample-2000,12,2000,2160,2640,12.5,TASK2T1,0,4.1,0,1,0.004756916734306005,0.995243083265694
bandpower_lda,sub-001_run-12_sample-3328,12,3328,3488,3968,20.8,TASK2T2,1,4.1,1,1,0.4197333616190091,0.5802666383809909
bandpower_lda,sub-001_run-12_sample-4656,12,4656,4816,5296,29.1,TASK2T1,0,4.1,0,0,0.9984005699635714,0.0015994300364285652
bandpower_lda,sub-001_run-12_sample-5984,12,5984,6144,6624,37.4,TASK2T1,0,4.1,0,1,0.46182156157265686,0.5381784384273431
bandpower_lda,sub-001_run-12_sample-7312,12,7312,7472,7952,45.7,TASK2T2,1,4.1,1,1,2.7278301839572805e-09,0.9999999972721698
bandpower_lda,sub-001_run-12_sample-8640,12,8640,8800,9280,54.0,TASK2T2,1,4.1,1,1,0.004445441119553806,0.9955545588804462
bandpower_lda,sub-001_run-12_sample-9968,12,9968,10128,10608,62.3,TASK2T1,0,4.1,0,1,0.00041610985815687673,0.9995838901418431
bandpower_lda,sub-001_run-12_sample-11296,12,11296,11456,11936,70.6,TASK2T1,0,4.1,0,1,4.3777174663084395e-08,0.9999999562228253
bandpower_lda,sub-001_run-12_sample-12624,12,12624,12784,13264,78.9,TASK2T2,1,4.1,1,1,0.18142927759433425,0.8185707224056658
bandpower_lda,sub-001_run-12_sample-13952,12,13952,14112,14592,87.2,TASK2T2,1,4.1,1,0,0.9379050105851664,0.06209498941483358
bandpower_lda,sub-001_run-12_sample-15280,12,15280,15440,15920,95.5,TASK2T1,0,4.1,0,0,0.9997608414655875,0.00023915853441243854
bandpower_lda,sub-001_run-12_sample-16608,12,16608,16768,17248,103.8,TASK2T2,1,4.1,1,0,0.9999954712154746,4.528784525447547e-06
bandpower_lda,sub-001_run-12_sample-17936,12,17936,18096,18576,112.1,TASK2T1,0,4.1,0,0,0.9999022626912882,9.773730871181183e-05
bandpower_lda,sub-001_run-12_sample-19264,12,19264,19424,19904,120.4,TASK2T2,1,4.1,1,0,0.9821741074200726,0.017825892579927366
