condition_id,corruption,severity,seed,failed_channels,decoder,n_trials,accuracy,balanced_accuracy,delta_balanced_accuracy,left_recall,right_recall,true_left_pred_left,true_left_pred_right,true_right_pred_left,true_right_pred_right,constant_prediction,constant_class,epoch_sha256
gaussian-0-seed-0,gaussian,0.0,0,[],csp_lda,15,0.6,0.6071428571428572,0.0,0.7142857142857143,0.5,5,2,4,4,False,,113d01e03d607c995de9ad159faae887fe8779076d0896f79f78c63347310df9
gaussian-0-seed-0,gaussian,0.0,0,[],bandpower_lda,15,0.4666666666666667,0.4642857142857143,0.0,0.42857142857142855,0.5,3,4,4,4,False,,113d01e03d607c995de9ad159faae887fe8779076d0896f79f78c63347310df9
gaussian-0-seed-1,gaussian,0.0,1,[],csp_lda,15,0.6,0.6071428571428572,0.0,0.7142857142857143,0.5,5,2,4,4,False,,113d01e03d607c995de9ad159faae887fe8779076d0896f79f78c63347310df9
gaussian-0-seed-1,gaussian,0.0,1,[],bandpower_lda,15,0.4666666666666667,0.4642857142857143,0.0,0.42857142857142855,0.5,3,4,4,4,False,,113d01e03d607c995de9ad159faae887fe8779076d0896f79f78c63347310df9
gaussian-0-seed-2,gaussian,0.0,2,[],csp_lda,15,0.6,0.6071428571428572,0.0,0.7142857142857143,0.5,5,2,4,4,False,,113d01e03d607c995de9ad159faae887fe8779076d0896f79f78c63347310df9
gaussian-0-seed-2,gaussian,0.0,2,[],bandpower_lda,15,0.4666666666666667,0.4642857142857143,0.0,0.42857142857142855,0.5,3,4,4,4,False,,113d01e03d607c995de9ad159faae887fe8779076d0896f79f78c63347310df9
gaussian-0-seed-3,gaussian,0.0,3,[],csp_lda,15,0.6,0.6071428571428572,0.0,0.7142857142857143,0.5,5,2,4,4,False,,113d01e03d607c995de9ad159faae887fe8779076d0896f79f78c63347310df9
gaussian-0-seed-3,gaussian,0.0,3,[],bandpower_lda,15,0.4666666666666667,0.4642857142857143,0.0,0.42857142857142855,0.5,3,4,4,4,False,,113d01e03d607c995de9ad159faae887fe8779076d0896f79f78c63347310df9
gaussian-0-seed-4,gaussian,0.0,4,[],csp_lda,15,0.6,0.6071428571428572,0.0,0.7142857142857143,0.5,5,2,4,4,False,,113d01e03d607c995de9ad159faae887fe8779076d0896f79f78c63347310df9
gaussian-0-seed-4,gaussian,0.0,4,[],bandpower_lda,15,0.4666666666666667,0.4642857142857143,0.0,0.42857142857142855,0.5,3,4,4,4,False,,113d01e03d607c995de9ad159faae887fe8779076d0896f79f78c63347310df9
gaussian-0-seed-5,gaussian,0.0,5,[],csp_lda,15,0.6,0.6071428571428572,0.0,0.7142857142857143,0.5,5,2,4,4,False,,113d01e03d607c995de9ad159faae887fe8779076d0896f79f78c63347310df9
gaussian-0-seed-5,gaussian,0.0,5,[],bandpower_lda,15,0.4666666666666667,0.4642857142857143,0.0,0.42857142857142855,0.5,3,4,4,4,False,,113d01e03d607c995de9ad159faae887fe8779076d0896f79f78c63347310df9
gaussian-0-seed-6,gaussian,0.0,6,[],csp_lda,15,0.6,0.6071428571428572,0.0,0.7142857142857143,0.5,5,2,4,4,False,,113d01e03d607c995de9ad159faae887fe8779076d0896f79f78c63347310df9
gaussian-0-seed-6,gaussian,0.0,6,[],bandpower_lda,15,0.4666666666666667,0.4642857142857143,0.0,0.42857142857142855,0.5,3,4,4,4,False,,113d01e03d607c995de9ad159faae887fe8779076d0896f79f78c63347310df9
gaussian-0-seed-7,gaussian,0.0,7,[],csp_lda,15,0.6,0.6071428571428572,0.0,0.7142857142857143,0.5,5,2,4,4,False,,113d01e03d607c995de9ad159faae887fe8779076d0896f79f78c63347310df9
gaussian-0-seed-7,gaussian,0.0,7,[],bandpower_lda,15,0.4666666666666667,0.4642857142857143,0.0,0.42857142857142855,0.5,3,4,4,4,False,,113d01e03d607c995de9ad159faae887fe8779076d0896f79f78c63347310df9
gaussian-0-seed-8,gaussian,0.0,8,[],csp_lda,15,0.6,0.6071428571428572,0.0,0.7142857142857143,0.5,5,2,4,4,False,,113d01e03d607c995de9ad159faae887fe8779076d0896f79f78c63347310df9
gaussian-0-seed-8,gaussian,0.0,8,[],bandpower_lda,15,0.4666666666666667,0.4642857142857143,0.0,0.42857142857142855,0.5,3,4,4,4,False,,113d01e03d607c995de9ad159faae887fe8779076d0896f79f78c63347310df9
gaussian-0-seed-9,gaussian,0.0,9,[],csp_lda,15,0.6,0.6071428571428572,0.0,0.7142857142857143,0.5,5,2,4,4,False,,113d01e03d607c995de9ad159faae887fe8779076d0896f79f78c63347310df9
gaussian-0-seed-9,gaussian,0.0,9,[],bandpower_lda,15,0.4666666666666667,0.4642857142857143,0.0,0.42857142857142855,0.5,3,4,4,4,False,,113d01e03d607c995de9ad159faae887fe8779076d0896f79f78c63347310df9
gaussian-0.25-seed-0,gaussian,0.25,0,[],csp_lda,15,0.5333333333333333,0.5625,-0.044642857142857206,1.0,0.125,7,0,7,1,False,,d5430124e64231082b92a5ba3aec6d26db12ca027433c80c7115ca5e3c733006
gaussian-0.25-seed-0,gaussian,0.25,0,[],bandpower_lda,15,0.6,0.5803571428571428,0.11607142857142849,0.2857142857142857,0.875,2,5,1,7,False,,d5430124e64231082b92a5ba3aec6d26db12ca027433c80c7115ca5e3c733006
gaussian-0.25-seed-1,gaussian,0.25,1,[],csp_lda,15,0.6,0.625,0.017857142857142794,1.0,0.25,7,0,6,2,False,,a22d275907909b8ff6e501bc07c9b0a66d9f2cbc6f31149edf1ddcf0bf09572c
gaussian-0.25-seed-1,gaussian,0.25,1,[],bandpower_lda,15,0.6,0.5803571428571428,0.11607142857142849,0.2857142857142857,0.875,2,5,1,7,False,,a22d275907909b8ff6e501bc07c9b0a66d9f2cbc6f31149edf1ddcf0bf09572c
gaussian-0.25-seed-2,gaussian,0.25,2,[],csp_lda,15,0.5333333333333333,0.5625,-0.044642857142857206,1.0,0.125,7,0,7,1,False,,26fb6e5724f28e28cd73e74a3b55aca612ff3c26470064e1b710f239df14b3b0
gaussian-0.25-seed-2,gaussian,0.25,2,[],bandpower_lda,15,0.6,0.5803571428571428,0.11607142857142849,0.2857142857142857,0.875,2,5,1,7,False,,26fb6e5724f28e28cd73e74a3b55aca612ff3c26470064e1b710f239df14b3b0
gaussian-0.25-seed-3,gaussian,0.25,3,[],csp_lda,15,0.6,0.6160714285714286,0.008928571428571397,0.8571428571428571,0.375,6,1,5,3,False,,5ebdeadca5037c51eb3807ab7f168630fe5d4c8b260f380f50515f31a74ac556
gaussian-0.25-seed-3,gaussian,0.25,3,[],bandpower_lda,15,0.6,0.5803571428571428,0.11607142857142849,0.2857142857142857,0.875,2,5,1,7,False,,5ebdeadca5037c51eb3807ab7f168630fe5d4c8b260f380f50515f31a74ac556
gaussian-0.25-seed-4,gaussian,0.25,4,[],csp_lda,15,0.6,0.625,0.017857142857142794,1.0,0.25,7,0,6,2,False,,d77c8311ff31927eb7ccfe91598e55a50aa0a55e5a891761aa99ac6857497a71
gaussian-0.25-seed-4,gaussian,0.25,4,[],bandpower_lda,15,0.6,0.5803571428571428,0.11607142857142849,0.2857142857142857,0.875,2,5,1,7,False,,d77c8311ff31927eb7ccfe91598e55a50aa0a55e5a891761aa99ac6857497a71
gaussian-0.25-seed-5,gaussian,0.25,5,[],csp_lda,15,0.5333333333333333,0.5625,-0.044642857142857206,1.0,0.125,7,0,7,1,False,,69e26cc769b788187e22485df27c2ffafd620a400ed3d05f5b828f03c75d065c
gaussian-0.25-seed-5,gaussian,0.25,5,[],bandpower_lda,15,0.5333333333333333,0.5178571428571428,0.05357142857142849,0.2857142857142857,0.75,2,5,2,6,False,,69e26cc769b788187e22485df27c2ffafd620a400ed3d05f5b828f03c75d065c
gaussian-0.25-seed-6,gaussian,0.25,6,[],csp_lda,15,0.6,0.625,0.017857142857142794,1.0,0.25,7,0,6,2,False,,40f00b0bb40bdfe2a5bbfb386d4db1a821e63e70049bcbdcab35c06793bb7e66
gaussian-0.25-seed-6,gaussian,0.25,6,[],bandpower_lda,15,0.6666666666666666,0.6517857142857143,0.1875,0.42857142857142855,0.875,3,4,1,7,False,,40f00b0bb40bdfe2a5bbfb386d4db1a821e63e70049bcbdcab35c06793bb7e66
gaussian-0.25-seed-7,gaussian,0.25,7,[],csp_lda,15,0.5333333333333333,0.5535714285714286,-0.0535714285714286,0.8571428571428571,0.25,6,1,6,2,False,,331225199c5c87106d2cc89e3c2b7bc9b3bf1a3473fe010ebe8570360d3ea7d8
gaussian-0.25-seed-7,gaussian,0.25,7,[],bandpower_lda,15,0.6,0.5803571428571428,0.11607142857142849,0.2857142857142857,0.875,2,5,1,7,False,,331225199c5c87106d2cc89e3c2b7bc9b3bf1a3473fe010ebe8570360d3ea7d8
gaussian-0.25-seed-8,gaussian,0.25,8,[],csp_lda,15,0.5333333333333333,0.5535714285714286,-0.0535714285714286,0.8571428571428571,0.25,6,1,6,2,False,,d8d7e05711d9fdd34cebe3d25df6ba1ee6573ca83df6c0266af4ac2584fe9e45
gaussian-0.25-seed-8,gaussian,0.25,8,[],bandpower_lda,15,0.5333333333333333,0.5178571428571428,0.05357142857142849,0.2857142857142857,0.75,2,5,2,6,False,,d8d7e05711d9fdd34cebe3d25df6ba1ee6573ca83df6c0266af4ac2584fe9e45
gaussian-0.25-seed-9,gaussian,0.25,9,[],csp_lda,15,0.4666666666666667,0.49107142857142855,-0.11607142857142866,0.8571428571428571,0.125,6,1,7,1,False,,b0ad826c1c2f64430b028cec3468fd51dc4bf9f9ca5bd430f25b0f51ac5d09ea
gaussian-0.25-seed-9,gaussian,0.25,9,[],bandpower_lda,15,0.6666666666666666,0.6517857142857143,0.1875,0.42857142857142855,0.875,3,4,1,7,False,,b0ad826c1c2f64430b028cec3468fd51dc4bf9f9ca5bd430f25b0f51ac5d09ea
gaussian-0.5-seed-0,gaussian,0.5,0,[],csp_lda,15,0.4666666666666667,0.5,-0.1071428571428572,1.0,0.0,7,0,8,0,True,0,aeab4bcfd394c5820bd78773b4f15d4bb22a61b3388737329f57e207c8ed5362
gaussian-0.5-seed-0,gaussian,0.5,0,[],bandpower_lda,15,0.5333333333333333,0.5,0.0357142857142857,0.0,1.0,0,7,0,8,True,1,aeab4bcfd394c5820bd78773b4f15d4bb22a61b3388737329f57e207c8ed5362
gaussian-0.5-seed-1,gaussian,0.5,1,[],csp_lda,15,0.4666666666666667,0.5,-0.1071428571428572,1.0,0.0,7,0,8,0,True,0,1d7f4ed2474073534dd222a6c301ef9127c4e5cae5ebbcf59337d4f5f24dbef4
gaussian-0.5-seed-1,gaussian,0.5,1,[],bandpower_lda,15,0.5333333333333333,0.5,0.0357142857142857,0.0,1.0,0,7,0,8,True,1,1d7f4ed2474073534dd222a6c301ef9127c4e5cae5ebbcf59337d4f5f24dbef4
gaussian-0.5-seed-2,gaussian,0.5,2,[],csp_lda,15,0.4666666666666667,0.5,-0.1071428571428572,1.0,0.0,7,0,8,0,True,0,dfc5787bb0e386ae930481679149a07cec8f8d511f66af831b40b224197f8695
gaussian-0.5-seed-2,gaussian,0.5,2,[],bandpower_lda,15,0.5333333333333333,0.5,0.0357142857142857,0.0,1.0,0,7,0,8,True,1,dfc5787bb0e386ae930481679149a07cec8f8d511f66af831b40b224197f8695
gaussian-0.5-seed-3,gaussian,0.5,3,[],csp_lda,15,0.4666666666666667,0.5,-0.1071428571428572,1.0,0.0,7,0,8,0,True,0,91e57066bd97e2a9c794e9b911d073a7f271c595ec0ffc4943f8a42fe0d7ae6e
gaussian-0.5-seed-3,gaussian,0.5,3,[],bandpower_lda,15,0.5333333333333333,0.5,0.0357142857142857,0.0,1.0,0,7,0,8,True,1,91e57066bd97e2a9c794e9b911d073a7f271c595ec0ffc4943f8a42fe0d7ae6e
gaussian-0.5-seed-4,gaussian,0.5,4,[],csp_lda,15,0.4666666666666667,0.5,-0.1071428571428572,1.0,0.0,7,0,8,0,True,0,591fb6f21e09da9cb2876a847346107e0ad1541d8968c5dae134cfa81d28cef3
gaussian-0.5-seed-4,gaussian,0.5,4,[],bandpower_lda,15,0.5333333333333333,0.5,0.0357142857142857,0.0,1.0,0,7,0,8,True,1,591fb6f21e09da9cb2876a847346107e0ad1541d8968c5dae134cfa81d28cef3
gaussian-0.5-seed-5,gaussian,0.5,5,[],csp_lda,15,0.4666666666666667,0.5,-0.1071428571428572,1.0,0.0,7,0,8,0,True,0,4ba000a1f236f320e02738bc9957bf5560c873137a005cb92412e2559e2b2bd7
gaussian-0.5-seed-5,gaussian,0.5,5,[],bandpower_lda,15,0.5333333333333333,0.5,0.0357142857142857,0.0,1.0,0,7,0,8,True,1,4ba000a1f236f320e02738bc9957bf5560c873137a005cb92412e2559e2b2bd7
gaussian-0.5-seed-6,gaussian,0.5,6,[],csp_lda,15,0.4666666666666667,0.5,-0.1071428571428572,1.0,0.0,7,0,8,0,True,0,c153d25c1c1d809532c7193c8e4ff96f8c7199d8e24c4b74d80c976f3dd64b1e
gaussian-0.5-seed-6,gaussian,0.5,6,[],bandpower_lda,15,0.5333333333333333,0.5,0.0357142857142857,0.0,1.0,0,7,0,8,True,1,c153d25c1c1d809532c7193c8e4ff96f8c7199d8e24c4b74d80c976f3dd64b1e
gaussian-0.5-seed-7,gaussian,0.5,7,[],csp_lda,15,0.4666666666666667,0.5,-0.1071428571428572,1.0,0.0,7,0,8,0,True,0,1ed15906be22d0be09ed1ad074759ff62b330fce296007c18994b770fb9d5eee
gaussian-0.5-seed-7,gaussian,0.5,7,[],bandpower_lda,15,0.5333333333333333,0.5,0.0357142857142857,0.0,1.0,0,7,0,8,True,1,1ed15906be22d0be09ed1ad074759ff62b330fce296007c18994b770fb9d5eee
gaussian-0.5-seed-8,gaussian,0.5,8,[],csp_lda,15,0.4666666666666667,0.5,-0.1071428571428572,1.0,0.0,7,0,8,0,True,0,021a3c1e73c33c89a349c58bc0a10e0afe5de9696d00cb521fc7aa3a706a6379
gaussian-0.5-seed-8,gaussian,0.5,8,[],bandpower_lda,15,0.5333333333333333,0.5,0.0357142857142857,0.0,1.0,0,7,0,8,True,1,021a3c1e73c33c89a349c58bc0a10e0afe5de9696d00cb521fc7aa3a706a6379
gaussian-0.5-seed-9,gaussian,0.5,9,[],csp_lda,15,0.4666666666666667,0.5,-0.1071428571428572,1.0,0.0,7,0,8,0,True,0,8b4cb9429ab813dc6f86997f1b6706c94300db8bf13024c9b2bd056a8025f98e
gaussian-0.5-seed-9,gaussian,0.5,9,[],bandpower_lda,15,0.5333333333333333,0.5,0.0357142857142857,0.0,1.0,0,7,0,8,True,1,8b4cb9429ab813dc6f86997f1b6706c94300db8bf13024c9b2bd056a8025f98e
gaussian-1-seed-0,gaussian,1.0,0,[],csp_lda,15,0.4666666666666667,0.5,-0.1071428571428572,1.0,0.0,7,0,8,0,True,0,a66ede7481507c1e04f7829f35ac712434bc49fe41bbf98938138f4bfe3fe8e9
gaussian-1-seed-0,gaussian,1.0,0,[],bandpower_lda,15,0.5333333333333333,0.5,0.0357142857142857,0.0,1.0,0,7,0,8,True,1,a66ede7481507c1e04f7829f35ac712434bc49fe41bbf98938138f4bfe3fe8e9
gaussian-1-seed-1,gaussian,1.0,1,[],csp_lda,15,0.4666666666666667,0.5,-0.1071428571428572,1.0,0.0,7,0,8,0,True,0,8fbc9af6e9ef96462f19a66f68934ad592dc89f90421b52310f7a57d80040f37
gaussian-1-seed-1,gaussian,1.0,1,[],bandpower_lda,15,0.5333333333333333,0.5,0.0357142857142857,0.0,1.0,0,7,0,8,True,1,8fbc9af6e9ef96462f19a66f68934ad592dc89f90421b52310f7a57d80040f37
gaussian-1-seed-2,gaussian,1.0,2,[],csp_lda,15,0.4666666666666667,0.5,-0.1071428571428572,1.0,0.0,7,0,8,0,True,0,48444974a1c2e89b363b43531a772f1ce3eea7c55d6134e37072614637d3236c
gaussian-1-seed-2,gaussian,1.0,2,[],bandpower_lda,15,0.5333333333333333,0.5,0.0357142857142857,0.0,1.0,0,7,0,8,True,1,48444974a1c2e89b363b43531a772f1ce3eea7c55d6134e37072614637d3236c
gaussian-1-seed-3,gaussian,1.0,3,[],csp_lda,15,0.4666666666666667,0.5,-0.1071428571428572,1.0,0.0,7,0,8,0,True,0,334385e94cc3fd4c336ffdd79b34571dc32e2e1a7eb4107d446718f68d3da039
gaussian-1-seed-3,gaussian,1.0,3,[],bandpower_lda,15,0.5333333333333333,0.5,0.0357142857142857,0.0,1.0,0,7,0,8,True,1,334385e94cc3fd4c336ffdd79b34571dc32e2e1a7eb4107d446718f68d3da039
gaussian-1-seed-4,gaussian,1.0,4,[],csp_lda,15,0.4666666666666667,0.5,-0.1071428571428572,1.0,0.0,7,0,8,0,True,0,882831db529a32b97af7639e34de65b439bac8842c07dbc3abd6950d0ad645ed
gaussian-1-seed-4,gaussian,1.0,4,[],bandpower_lda,15,0.5333333333333333,0.5,0.0357142857142857,0.0,1.0,0,7,0,8,True,1,882831db529a32b97af7639e34de65b439bac8842c07dbc3abd6950d0ad645ed
gaussian-1-seed-5,gaussian,1.0,5,[],csp_lda,15,0.4666666666666667,0.5,-0.1071428571428572,1.0,0.0,7,0,8,0,True,0,f95ac7d0cc84188e0bf53288895994bebdb4329b82127f0a55c16891e2112c34
gaussian-1-seed-5,gaussian,1.0,5,[],bandpower_lda,15,0.5333333333333333,0.5,0.0357142857142857,0.0,1.0,0,7,0,8,True,1,f95ac7d0cc84188e0bf53288895994bebdb4329b82127f0a55c16891e2112c34
gaussian-1-seed-6,gaussian,1.0,6,[],csp_lda,15,0.4666666666666667,0.5,-0.1071428571428572,1.0,0.0,7,0,8,0,True,0,12f6b8df920d56ac65aeee87c8930caae27b00ce6f522fe8179dd0b7ee27063e
gaussian-1-seed-6,gaussian,1.0,6,[],bandpower_lda,15,0.5333333333333333,0.5,0.0357142857142857,0.0,1.0,0,7,0,8,True,1,12f6b8df920d56ac65aeee87c8930caae27b00ce6f522fe8179dd0b7ee27063e
gaussian-1-seed-7,gaussian,1.0,7,[],csp_lda,15,0.4666666666666667,0.5,-0.1071428571428572,1.0,0.0,7,0,8,0,True,0,761bb6a22b94b07fd94c747a0b5cb6dc6b9b64253b5cd1c6654fad20288151b1
gaussian-1-seed-7,gaussian,1.0,7,[],bandpower_lda,15,0.5333333333333333,0.5,0.0357142857142857,0.0,1.0,0,7,0,8,True,1,761bb6a22b94b07fd94c747a0b5cb6dc6b9b64253b5cd1c6654fad20288151b1
gaussian-1-seed-8,gaussian,1.0,8,[],csp_lda,15,0.4666666666666667,0.5,-0.1071428571428572,1.0,0.0,7,0,8,0,True,0,f2523c26c369f4fa5b492f1fc5b41599079b28a036a3012ffbbec24c2d324504
gaussian-1-seed-8,gaussian,1.0,8,[],bandpower_lda,15,0.5333333333333333,0.5,0.0357142857142857,0.0,1.0,0,7,0,8,True,1,f2523c26c369f4fa5b492f1fc5b41599079b28a036a3012ffbbec24c2d324504
gaussian-1-seed-9,gaussian,1.0,9,[],csp_lda,15,0.4666666666666667,0.5,-0.1071428571428572,1.0,0.0,7,0,8,0,True,0,357cd455bed59678f45f34b1084c82e259d39ac802c161dfd0ba85d36c0a8c57
gaussian-1-seed-9,gaussian,1.0,9,[],bandpower_lda,15,0.5333333333333333,0.5,0.0357142857142857,0.0,1.0,0,7,0,8,True,1,357cd455bed59678f45f34b1084c82e259d39ac802c161dfd0ba85d36c0a8c57
gaussian-2-seed-0,gaussian,2.0,0,[],csp_lda,15,0.4666666666666667,0.5,-0.1071428571428572,1.0,0.0,7,0,8,0,True,0,130172fb40e096800794523837ec59c1e9a5e32b73e61dac6b8dc9558a37a785
gaussian-2-seed-0,gaussian,2.0,0,[],bandpower_lda,15,0.5333333333333333,0.5,0.0357142857142857,0.0,1.0,0,7,0,8,True,1,130172fb40e096800794523837ec59c1e9a5e32b73e61dac6b8dc9558a37a785
gaussian-2-seed-1,gaussian,2.0,1,[],csp_lda,15,0.4666666666666667,0.5,-0.1071428571428572,1.0,0.0,7,0,8,0,True,0,4c1daac23c8f7666fa6d9c90db983c861bcc6e35afd1716db7f3fa41130eb5a3
gaussian-2-seed-1,gaussian,2.0,1,[],bandpower_lda,15,0.5333333333333333,0.5,0.0357142857142857,0.0,1.0,0,7,0,8,True,1,4c1daac23c8f7666fa6d9c90db983c861bcc6e35afd1716db7f3fa41130eb5a3
gaussian-2-seed-2,gaussian,2.0,2,[],csp_lda,15,0.4666666666666667,0.5,-0.1071428571428572,1.0,0.0,7,0,8,0,True,0,adce5abf29b483c44a22aeefe2d6620dd25367edfa353c7d901792e3fbe0b652
gaussian-2-seed-2,gaussian,2.0,2,[],bandpower_lda,15,0.5333333333333333,0.5,0.0357142857142857,0.0,1.0,0,7,0,8,True,1,adce5abf29b483c44a22aeefe2d6620dd25367edfa353c7d901792e3fbe0b652
gaussian-2-seed-3,gaussian,2.0,3,[],csp_lda,15,0.4666666666666667,0.5,-0.1071428571428572,1.0,0.0,7,0,8,0,True,0,85f720ff118144b854fa65024071f04563d705510616e65dacd3dd7e2d2bf581
gaussian-2-seed-3,gaussian,2.0,3,[],bandpower_lda,15,0.5333333333333333,0.5,0.0357142857142857,0.0,1.0,0,7,0,8,True,1,85f720ff118144b854fa65024071f04563d705510616e65dacd3dd7e2d2bf581
gaussian-2-seed-4,gaussian,2.0,4,[],csp_lda,15,0.4666666666666667,0.5,-0.1071428571428572,1.0,0.0,7,0,8,0,True,0,8454f84995672287bf1b2ef5ea4ff527979a85523067b13a2e248e4605c8e182
gaussian-2-seed-4,gaussian,2.0,4,[],bandpower_lda,15,0.5333333333333333,0.5,0.0357142857142857,0.0,1.0,0,7,0,8,True,1,8454f84995672287bf1b2ef5ea4ff527979a85523067b13a2e248e4605c8e182
gaussian-2-seed-5,gaussian,2.0,5,[],csp_lda,15,0.4666666666666667,0.5,-0.1071428571428572,1.0,0.0,7,0,8,0,True,0,58aca2ba6cb536e27ec52276a95ac2602352f56f23d459fa0b12905230411310
gaussian-2-seed-5,gaussian,2.0,5,[],bandpower_lda,15,0.5333333333333333,0.5,0.0357142857142857,0.0,1.0,0,7,0,8,True,1,58aca2ba6cb536e27ec52276a95ac2602352f56f23d459fa0b12905230411310
gaussian-2-seed-6,gaussian,2.0,6,[],csp_lda,15,0.4666666666666667,0.5,-0.1071428571428572,1.0,0.0,7,0,8,0,True,0,2bfa61c02e1b5a2ccbabd818e2f5a0a12d32e4dd70d4428ead221f0a65bf9945
gaussian-2-seed-6,gaussian,2.0,6,[],bandpower_lda,15,0.5333333333333333,0.5,0.0357142857142857,0.0,1.0,0,7,0,8,True,1,2bfa61c02e1b5a2ccbabd818e2f5a0a12d32e4dd70d4428ead221f0a65bf9945
gaussian-2-seed-7,gaussian,2.0,7,[],csp_lda,15,0.4666666666666667,0.5,-0.1071428571428572,1.0,0.0,7,0,8,0,True,0,a70e9be3bbdbda43868cc61a19c4136a9b3db334e5aa88092906f0d41f02e575
gaussian-2-seed-7,gaussian,2.0,7,[],bandpower_lda,15,0.5333333333333333,0.5,0.0357142857142857,0.0,1.0,0,7,0,8,True,1,a70e9be3bbdbda43868cc61a19c4136a9b3db334e5aa88092906f0d41f02e575
gaussian-2-seed-8,gaussian,2.0,8,[],csp_lda,15,0.4666666666666667,0.5,-0.1071428571428572,1.0,0.0,7,0,8,0,True,0,60750edfff9ef5d4bb233237fca398e1c3c2a86a84106f679e9612fd68576c8e
gaussian-2-seed-8,gaussian,2.0,8,[],bandpower_lda,15,0.5333333333333333,0.5,0.0357142857142857,0.0,1.0,0,7,0,8,True,1,60750edfff9ef5d4bb233237fca398e1c3c2a86a84106f679e9612fd68576c8e
gaussian-2-seed-9,gaussian,2.0,9,[],csp_lda,15,0.4666666666666667,0.5,-0.1071428571428572,1.0,0.0,7,0,8,0,True,0,1a77edb214a78da4bf6fab98ccf2e80a650c4b8b438439d8df25663a9be85f7b
gaussian-2-seed-9,gaussian,2.0,9,[],bandpower_lda,15,0.5333333333333333,0.5,0.0357142857142857,0.0,1.0,0,7,0,8,True,1,1a77edb214a78da4bf6fab98ccf2e80a650c4b8b438439d8df25663a9be85f7b
flatline-0-seed-0,flatline,0,0,[],csp_lda,15,0.6,0.6071428571428572,0.0,0.7142857142857143,0.5,5,2,4,4,False,,113d01e03d607c995de9ad159faae887fe8779076d0896f79f78c63347310df9
flatline-0-seed-0,flatline,0,0,[],bandpower_lda,15,0.4666666666666667,0.4642857142857143,0.0,0.42857142857142855,0.5,3,4,4,4,False,,113d01e03d607c995de9ad159faae887fe8779076d0896f79f78c63347310df9
flatline-0-seed-1,flatline,0,1,[],csp_lda,15,0.6,0.6071428571428572,0.0,0.7142857142857143,0.5,5,2,4,4,False,,113d01e03d607c995de9ad159faae887fe8779076d0896f79f78c63347310df9
flatline-0-seed-1,flatline,0,1,[],bandpower_lda,15,0.4666666666666667,0.4642857142857143,0.0,0.42857142857142855,0.5,3,4,4,4,False,,113d01e03d607c995de9ad159faae887fe8779076d0896f79f78c63347310df9
flatline-0-seed-2,flatline,0,2,[],csp_lda,15,0.6,0.6071428571428572,0.0,0.7142857142857143,0.5,5,2,4,4,False,,113d01e03d607c995de9ad159faae887fe8779076d0896f79f78c63347310df9
flatline-0-seed-2,flatline,0,2,[],bandpower_lda,15,0.4666666666666667,0.4642857142857143,0.0,0.42857142857142855,0.5,3,4,4,4,False,,113d01e03d607c995de9ad159faae887fe8779076d0896f79f78c63347310df9
flatline-0-seed-3,flatline,0,3,[],csp_lda,15,0.6,0.6071428571428572,0.0,0.7142857142857143,0.5,5,2,4,4,False,,113d01e03d607c995de9ad159faae887fe8779076d0896f79f78c63347310df9
flatline-0-seed-3,flatline,0,3,[],bandpower_lda,15,0.4666666666666667,0.4642857142857143,0.0,0.42857142857142855,0.5,3,4,4,4,False,,113d01e03d607c995de9ad159faae887fe8779076d0896f79f78c63347310df9
flatline-0-seed-4,flatline,0,4,[],csp_lda,15,0.6,0.6071428571428572,0.0,0.7142857142857143,0.5,5,2,4,4,False,,113d01e03d607c995de9ad159faae887fe8779076d0896f79f78c63347310df9
flatline-0-seed-4,flatline,0,4,[],bandpower_lda,15,0.4666666666666667,0.4642857142857143,0.0,0.42857142857142855,0.5,3,4,4,4,False,,113d01e03d607c995de9ad159faae887fe8779076d0896f79f78c63347310df9
flatline-0-seed-5,flatline,0,5,[],csp_lda,15,0.6,0.6071428571428572,0.0,0.7142857142857143,0.5,5,2,4,4,False,,113d01e03d607c995de9ad159faae887fe8779076d0896f79f78c63347310df9
flatline-0-seed-5,flatline,0,5,[],bandpower_lda,15,0.4666666666666667,0.4642857142857143,0.0,0.42857142857142855,0.5,3,4,4,4,False,,113d01e03d607c995de9ad159faae887fe8779076d0896f79f78c63347310df9
flatline-0-seed-6,flatline,0,6,[],csp_lda,15,0.6,0.6071428571428572,0.0,0.7142857142857143,0.5,5,2,4,4,False,,113d01e03d607c995de9ad159faae887fe8779076d0896f79f78c63347310df9
flatline-0-seed-6,flatline,0,6,[],bandpower_lda,15,0.4666666666666667,0.4642857142857143,0.0,0.42857142857142855,0.5,3,4,4,4,False,,113d01e03d607c995de9ad159faae887fe8779076d0896f79f78c63347310df9
flatline-0-seed-7,flatline,0,7,[],csp_lda,15,0.6,0.6071428571428572,0.0,0.7142857142857143,0.5,5,2,4,4,False,,113d01e03d607c995de9ad159faae887fe8779076d0896f79f78c63347310df9
flatline-0-seed-7,flatline,0,7,[],bandpower_lda,15,0.4666666666666667,0.4642857142857143,0.0,0.42857142857142855,0.5,3,4,4,4,False,,113d01e03d607c995de9ad159faae887fe8779076d0896f79f78c63347310df9
flatline-0-seed-8,flatline,0,8,[],csp_lda,15,0.6,0.6071428571428572,0.0,0.7142857142857143,0.5,5,2,4,4,False,,113d01e03d607c995de9ad159faae887fe8779076d0896f79f78c63347310df9
flatline-0-seed-8,flatline,0,8,[],bandpower_lda,15,0.4666666666666667,0.4642857142857143,0.0,0.42857142857142855,0.5,3,4,4,4,False,,113d01e03d607c995de9ad159faae887fe8779076d0896f79f78c63347310df9
flatline-0-seed-9,flatline,0,9,[],csp_lda,15,0.6,0.6071428571428572,0.0,0.7142857142857143,0.5,5,2,4,4,False,,113d01e03d607c995de9ad159faae887fe8779076d0896f79f78c63347310df9
flatline-0-seed-9,flatline,0,9,[],bandpower_lda,15,0.4666666666666667,0.4642857142857143,0.0,0.42857142857142855,0.5,3,4,4,4,False,,113d01e03d607c995de9ad159faae887fe8779076d0896f79f78c63347310df9
flatline-1-seed-0,flatline,1,0,"[""Cp1""]",csp_lda,15,0.6,0.6071428571428572,0.0,0.7142857142857143,0.5,5,2,4,4,False,,e8e3c0aec1ae8397744dbd62180dc1d3ef76368c0db1e1f680818ad5e2995540
flatline-1-seed-0,flatline,1,0,"[""Cp1""]",bandpower_lda,15,0.4666666666666667,0.5,0.0357142857142857,1.0,0.0,7,0,8,0,True,0,e8e3c0aec1ae8397744dbd62180dc1d3ef76368c0db1e1f680818ad5e2995540
flatline-1-seed-1,flatline,1,1,"[""Oz""]",csp_lda,15,0.5333333333333333,0.5446428571428572,-0.0625,0.7142857142857143,0.375,5,2,5,3,False,,6d77e4c37058e0fe9bee5822eb7a8da7494b84a7e3a010e49950b63020120295
flatline-1-seed-1,flatline,1,1,"[""Oz""]",bandpower_lda,15,0.5333333333333333,0.5,0.0357142857142857,0.0,1.0,0,7,0,8,True,1,6d77e4c37058e0fe9bee5822eb7a8da7494b84a7e3a010e49950b63020120295
flatline-1-seed-2,flatline,1,2,"[""P7""]",csp_lda,15,0.5333333333333333,0.5535714285714286,-0.0535714285714286,0.8571428571428571,0.25,6,1,6,2,False,,12cb704f70671d9c24f1e2f8706599508c7135b488b6c5f29e4f68ac3d4173c5
flatline-1-seed-2,flatline,1,2,"[""P7""]",bandpower_lda,15,0.4666666666666667,0.5,0.0357142857142857,1.0,0.0,7,0,8,0,True,0,12cb704f70671d9c24f1e2f8706599508c7135b488b6c5f29e4f68ac3d4173c5
flatline-1-seed-3,flatline,1,3,"[""Tp7""]",csp_lda,15,0.5333333333333333,0.5357142857142857,-0.07142857142857151,0.5714285714285714,0.5,4,3,4,4,False,,a1ecd626cd0562265117140537f06ae760112829fbff54026c63a87dd74c1259
flatline-1-seed-3,flatline,1,3,"[""Tp7""]",bandpower_lda,15,0.4666666666666667,0.5,0.0357142857142857,1.0,0.0,7,0,8,0,True,0,a1ecd626cd0562265117140537f06ae760112829fbff54026c63a87dd74c1259
flatline-1-seed-4,flatline,1,4,"[""Fp2""]",csp_lda,15,0.6,0.625,0.017857142857142794,1.0,0.25,7,0,6,2,False,,f0c1fba0979dc7dc334f009adced6bc1ccaaa26e91f42a95f9b5e98aae1b0370
flatline-1-seed-4,flatline,1,4,"[""Fp2""]",bandpower_lda,15,0.4666666666666667,0.5,0.0357142857142857,1.0,0.0,7,0,8,0,True,0,f0c1fba0979dc7dc334f009adced6bc1ccaaa26e91f42a95f9b5e98aae1b0370
flatline-1-seed-5,flatline,1,5,"[""F1""]",csp_lda,15,0.6,0.5892857142857143,-0.017857142857142905,0.42857142857142855,0.75,3,4,2,6,False,,6fdc3ef116ddfd69cc2d4f1b53feee4e546938af95752fca7a7565060f11eb2a
flatline-1-seed-5,flatline,1,5,"[""F1""]",bandpower_lda,15,0.5333333333333333,0.5,0.0357142857142857,0.0,1.0,0,7,0,8,True,1,6fdc3ef116ddfd69cc2d4f1b53feee4e546938af95752fca7a7565060f11eb2a
flatline-1-seed-6,flatline,1,6,"[""Fc4""]",csp_lda,15,0.4666666666666667,0.48214285714285715,-0.12500000000000006,0.7142857142857143,0.25,5,2,6,2,False,,15c3ea13b5ba2a175982b879d2518d5bf722c5a99ba1b95b02cf70ea673ee4a8
flatline-1-seed-6,flatline,1,6,"[""Fc4""]",bandpower_lda,15,0.4666666666666667,0.5,0.0357142857142857,1.0,0.0,7,0,8,0,True,0,15c3ea13b5ba2a175982b879d2518d5bf722c5a99ba1b95b02cf70ea673ee4a8
flatline-1-seed-7,flatline,1,7,"[""Cp1""]",csp_lda,15,0.6,0.6071428571428572,0.0,0.7142857142857143,0.5,5,2,4,4,False,,e8e3c0aec1ae8397744dbd62180dc1d3ef76368c0db1e1f680818ad5e2995540
flatline-1-seed-7,flatline,1,7,"[""Cp1""]",bandpower_lda,15,0.4666666666666667,0.5,0.0357142857142857,1.0,0.0,7,0,8,0,True,0,e8e3c0aec1ae8397744dbd62180dc1d3ef76368c0db1e1f680818ad5e2995540
flatline-1-seed-8,flatline,1,8,"[""Cp1""]",csp_lda,15,0.6,0.6071428571428572,0.0,0.7142857142857143,0.5,5,2,4,4,False,,e8e3c0aec1ae8397744dbd62180dc1d3ef76368c0db1e1f680818ad5e2995540
flatline-1-seed-8,flatline,1,8,"[""Cp1""]",bandpower_lda,15,0.4666666666666667,0.5,0.0357142857142857,1.0,0.0,7,0,8,0,True,0,e8e3c0aec1ae8397744dbd62180dc1d3ef76368c0db1e1f680818ad5e2995540
flatline-1-seed-9,flatline,1,9,"[""Fp1""]",csp_lda,15,0.6,0.625,0.017857142857142794,1.0,0.25,7,0,6,2,False,,a96718d94ba4bcdeb070dc268ead96d61e87dd2f195668acf24715ef635d0e79
flatline-1-seed-9,flatline,1,9,"[""Fp1""]",bandpower_lda,15,0.4666666666666667,0.5,0.0357142857142857,1.0,0.0,7,0,8,0,True,0,a96718d94ba4bcdeb070dc268ead96d61e87dd2f195668acf24715ef635d0e79
flatline-2-seed-0,flatline,2,0,"[""Cp1"", ""F6""]",csp_lda,15,0.5333333333333333,0.5357142857142857,-0.07142857142857151,0.5714285714285714,0.5,4,3,4,4,False,,f8e71b661b3577bf52b5d8c2a451cc8ba4bd3769f6e25b1a97f7ed89851e39b0
flatline-2-seed-0,flatline,2,0,"[""Cp1"", ""F6""]",bandpower_lda,15,0.4666666666666667,0.5,0.0357142857142857,1.0,0.0,7,0,8,0,True,0,f8e71b661b3577bf52b5d8c2a451cc8ba4bd3769f6e25b1a97f7ed89851e39b0
flatline-2-seed-1,flatline,2,1,"[""Oz"", ""Af7""]",csp_lda,15,0.5333333333333333,0.5625,-0.044642857142857206,1.0,0.125,7,0,7,1,False,,9fca13cd6a152c13f6d6ab1185465e78a064299ccc5f572525658b187e5eef33
flatline-2-seed-1,flatline,2,1,"[""Oz"", ""Af7""]",bandpower_lda,15,0.5333333333333333,0.5357142857142857,0.0714285714285714,0.5714285714285714,0.5,4,3,4,4,False,,9fca13cd6a152c13f6d6ab1185465e78a064299ccc5f572525658b187e5eef33
flatline-2-seed-2,flatline,2,2,"[""P7"", ""Af4""]",csp_lda,15,0.6666666666666666,0.6785714285714286,0.0714285714285714,0.8571428571428571,0.5,6,1,4,4,False,,a6824663a363aeaf7779797340458f15958956ee59d03ced407d7e16183edc26
flatline-2-seed-2,flatline,2,2,"[""P7"", ""Af4""]",bandpower_lda,15,0.4666666666666667,0.5,0.0357142857142857,1.0,0.0,7,0,8,0,True,0,a6824663a363aeaf7779797340458f15958956ee59d03ced407d7e16183edc26
flatline-2-seed-3,flatline,2,3,"[""Tp7"", ""Fc5""]",csp_lda,15,0.5333333333333333,0.5267857142857143,-0.0803571428571429,0.42857142857142855,0.625,3,4,3,5,False,,263c77f160f0df779028c0ebf8de6104e0493f45e3309f9b3c80a5d27d48c403
flatline-2-seed-3,flatline,2,3,"[""Tp7"", ""Fc5""]",bandpower_lda,15,0.4666666666666667,0.5,0.0357142857142857,1.0,0.0,7,0,8,0,True,0,263c77f160f0df779028c0ebf8de6104e0493f45e3309f9b3c80a5d27d48c403
flatline-2-seed-4,flatline,2,4,"[""Fp2"", ""Poz""]",csp_lda,15,0.5333333333333333,0.5625,-0.044642857142857206,1.0,0.125,7,0,7,1,False,,54f8b4393eda3c9bc6996de5e4355f30abfd02d530527081e6933771a6817aec
flatline-2-seed-4,flatline,2,4,"[""Fp2"", ""Poz""]",bandpower_lda,15,0.4666666666666667,0.5,0.0357142857142857,1.0,0.0,7,0,8,0,True,0,54f8b4393eda3c9bc6996de5e4355f30abfd02d530527081e6933771a6817aec
flatline-2-seed-5,flatline,2,5,"[""F1"", ""Oz""]",csp_lda,15,0.5333333333333333,0.5357142857142857,-0.07142857142857151,0.5714285714285714,0.5,4,3,4,4,False,,5b7e0e76d611dd8a175a5442f7dc0289ad7072f2cba73886fe01ac973d2bd28f
flatline-2-seed-5,flatline,2,5,"[""F1"", ""Oz""]",bandpower_lda,15,0.5333333333333333,0.5,0.0357142857142857,0.0,1.0,0,7,0,8,True,1,5b7e0e76d611dd8a175a5442f7dc0289ad7072f2cba73886fe01ac973d2bd28f
flatline-2-seed-6,flatline,2,6,"[""Fc4"", ""F2""]",csp_lda,15,0.4666666666666667,0.48214285714285715,-0.12500000000000006,0.7142857142857143,0.25,5,2,6,2,False,,c3a3dc284d395eee442cdeacc3d7ea99b00a391ecc81134a44cab84e3668711c
flatline-2-seed-6,flatline,2,6,"[""Fc4"", ""F2""]",bandpower_lda,15,0.4666666666666667,0.5,0.0357142857142857,1.0,0.0,7,0,8,0,True,0,c3a3dc284d395eee442cdeacc3d7ea99b00a391ecc81134a44cab84e3668711c
flatline-2-seed-7,flatline,2,7,"[""Cp1"", ""Af4""]",csp_lda,15,0.5333333333333333,0.5357142857142857,-0.07142857142857151,0.5714285714285714,0.5,4,3,4,4,False,,fbb0eedb696aee578cb95b64ef15eb664baf1109b9d39a751000ca53d6d9c536
flatline-2-seed-7,flatline,2,7,"[""Cp1"", ""Af4""]",bandpower_lda,15,0.4666666666666667,0.5,0.0357142857142857,1.0,0.0,7,0,8,0,True,0,fbb0eedb696aee578cb95b64ef15eb664baf1109b9d39a751000ca53d6d9c536
flatline-2-seed-8,flatline,2,8,"[""Cp1"", ""T10""]",csp_lda,15,0.6,0.6071428571428572,0.0,0.7142857142857143,0.5,5,2,4,4,False,,a0741b464d7eb96820407df570336be9c5b3327d63139299b9692ad9423255f1
flatline-2-seed-8,flatline,2,8,"[""Cp1"", ""T10""]",bandpower_lda,15,0.4666666666666667,0.5,0.0357142857142857,1.0,0.0,7,0,8,0,True,0,a0741b464d7eb96820407df570336be9c5b3327d63139299b9692ad9423255f1
flatline-2-seed-9,flatline,2,9,"[""Fp1"", ""O1""]",csp_lda,15,0.4666666666666667,0.5,-0.1071428571428572,1.0,0.0,7,0,8,0,True,0,b4f972a2887af1e50ce924a468f95b06b852edf6b7c66b8bb4d25462709cf4f4
flatline-2-seed-9,flatline,2,9,"[""Fp1"", ""O1""]",bandpower_lda,15,0.4666666666666667,0.5,0.0357142857142857,1.0,0.0,7,0,8,0,True,0,b4f972a2887af1e50ce924a468f95b06b852edf6b7c66b8bb4d25462709cf4f4
flatline-4-seed-0,flatline,4,0,"[""Cp1"", ""F6"", ""Af4"", ""C3""]",csp_lda,15,0.6,0.5892857142857143,-0.017857142857142905,0.42857142857142855,0.75,3,4,2,6,False,,117fe9c4b558f0105c4436e0dfaab0a77a86e3954cc4bf9c6282b7ecda7d6183
flatline-4-seed-0,flatline,4,0,"[""Cp1"", ""F6"", ""Af4"", ""C3""]",bandpower_lda,15,0.4666666666666667,0.5,0.0357142857142857,1.0,0.0,7,0,8,0,True,0,117fe9c4b558f0105c4436e0dfaab0a77a86e3954cc4bf9c6282b7ecda7d6183
flatline-4-seed-1,flatline,4,1,"[""Oz"", ""Af7"", ""F8"", ""Af3""]",csp_lda,15,0.4666666666666667,0.49107142857142855,-0.11607142857142866,0.8571428571428571,0.125,6,1,7,1,False,,a74531f65c70d71db799659acb188521b435e566c742228b15e0d8dad0bb8520
flatline-4-seed-1,flatline,4,1,"[""Oz"", ""Af7"", ""F8"", ""Af3""]",bandpower_lda,15,0.4666666666666667,0.5,0.0357142857142857,1.0,0.0,7,0,8,0,True,0,a74531f65c70d71db799659acb188521b435e566c742228b15e0d8dad0bb8520
flatline-4-seed-2,flatline,4,2,"[""P7"", ""Af4"", ""Af8"", ""Af3""]",csp_lda,15,0.4666666666666667,0.5,-0.1071428571428572,1.0,0.0,7,0,8,0,True,0,578a498a08ee10d2929bde13fd77ad41bbca0b8d4852e0bd563abce30f32db7c
flatline-4-seed-2,flatline,4,2,"[""P7"", ""Af4"", ""Af8"", ""Af3""]",bandpower_lda,15,0.4666666666666667,0.5,0.0357142857142857,1.0,0.0,7,0,8,0,True,0,578a498a08ee10d2929bde13fd77ad41bbca0b8d4852e0bd563abce30f32db7c
flatline-4-seed-3,flatline,4,3,"[""Tp7"", ""Fc5"", ""Fc2"", ""Fc1""]",csp_lda,15,0.6,0.5892857142857143,-0.017857142857142905,0.42857142857142855,0.75,3,4,2,6,False,,11d6993579637ff17a6c05695458af9d50d9551810f13df1b67b96b6e925047d
flatline-4-seed-3,flatline,4,3,"[""Tp7"", ""Fc5"", ""Fc2"", ""Fc1""]",bandpower_lda,15,0.5333333333333333,0.5,0.0357142857142857,0.0,1.0,0,7,0,8,True,1,11d6993579637ff17a6c05695458af9d50d9551810f13df1b67b96b6e925047d
flatline-4-seed-4,flatline,4,4,"[""Fp2"", ""Poz"", ""Iz"", ""T8""]",csp_lda,15,0.4666666666666667,0.5,-0.1071428571428572,1.0,0.0,7,0,8,0,True,0,a88589be7311e6a50e451846dcbea0cbf4428d9d4cff2d812abc6483e0b4afc8
flatline-4-seed-4,flatline,4,4,"[""Fp2"", ""Poz"", ""Iz"", ""T8""]",bandpower_lda,15,0.4666666666666667,0.5,0.0357142857142857,1.0,0.0,7,0,8,0,True,0,a88589be7311e6a50e451846dcbea0cbf4428d9d4cff2d812abc6483e0b4afc8
flatline-4-seed-5,flatline,4,5,"[""F1"", ""Oz"", ""C2"", ""F3""]",csp_lda,15,0.5333333333333333,0.5357142857142857,-0.07142857142857151,0.5714285714285714,0.5,4,3,4,4,False,,493789c105f47213ebf136f56b3b2ac1c7103d57666265d9d3a54b2ca04d97ee
flatline-4-seed-5,flatline,4,5,"[""F1"", ""Oz"", ""C2"", ""F3""]",bandpower_lda,15,0.5333333333333333,0.5,0.0357142857142857,0.0,1.0,0,7,0,8,True,1,493789c105f47213ebf136f56b3b2ac1c7103d57666265d9d3a54b2ca04d97ee
flatline-4-seed-6,flatline,4,6,"[""Fc4"", ""F2"", ""P6"", ""Fc2""]",csp_lda,15,0.5333333333333333,0.5535714285714286,-0.0535714285714286,0.8571428571428571,0.25,6,1,6,2,False,,66149839d8f5e3e0ee54120ef4d1b84f0378ebefc0500c682e04311c36afdb3a
flatline-4-seed-6,flatline,4,6,"[""Fc4"", ""F2"", ""P6"", ""Fc2""]",bandpower_lda,15,0.4666666666666667,0.5,0.0357142857142857,1.0,0.0,7,0,8,0,True,0,66149839d8f5e3e0ee54120ef4d1b84f0378ebefc0500c682e04311c36afdb3a
flatline-4-seed-7,flatline,4,7,"[""Cp1"", ""Af4"", ""P8"", ""Cz""]",csp_lda,15,0.5333333333333333,0.5446428571428572,-0.0625,0.7142857142857143,0.375,5,2,5,3,False,,88e468701600463cf6250fa12751f31c9e9d22de5c711b757e48491bea24fd33
flatline-4-seed-7,flatline,4,7,"[""Cp1"", ""Af4"", ""P8"", ""Cz""]",bandpower_lda,15,0.5333333333333333,0.5,0.0357142857142857,0.0,1.0,0,7,0,8,True,1,88e468701600463cf6250fa12751f31c9e9d22de5c711b757e48491bea24fd33
flatline-4-seed-8,flatline,4,8,"[""Cp1"", ""T10"", ""Fc3"", ""Tp8""]",csp_lda,15,0.6,0.5892857142857143,-0.017857142857142905,0.42857142857142855,0.75,3,4,2,6,False,,efc889f45feac0d19ccb2a5a78141071234d0eacaacab2986a263babb1184a5d
flatline-4-seed-8,flatline,4,8,"[""Cp1"", ""T10"", ""Fc3"", ""Tp8""]",bandpower_lda,15,0.4666666666666667,0.5,0.0357142857142857,1.0,0.0,7,0,8,0,True,0,efc889f45feac0d19ccb2a5a78141071234d0eacaacab2986a263babb1184a5d
flatline-4-seed-9,flatline,4,9,"[""Fp1"", ""O1"", ""T10"", ""F7""]",csp_lda,15,0.4666666666666667,0.5,-0.1071428571428572,1.0,0.0,7,0,8,0,True,0,e05a2f0069107bbac04c6562f316c1b30fcf8138b70099f76d8f44f598c6576d
flatline-4-seed-9,flatline,4,9,"[""Fp1"", ""O1"", ""T10"", ""F7""]",bandpower_lda,15,0.4666666666666667,0.5,0.0357142857142857,1.0,0.0,7,0,8,0,True,0,e05a2f0069107bbac04c6562f316c1b30fcf8138b70099f76d8f44f598c6576d
flatline-8-seed-0,flatline,8,0,"[""Cp1"", ""F6"", ""Af4"", ""C3"", ""Tp7"", ""Fp2"", ""P6"", ""Fc2""]",csp_lda,15,0.6,0.6071428571428572,0.0,0.7142857142857143,0.5,5,2,4,4,False,,c814da9fd8004baace3cb526bdededf419efd3293350bd0024ccc80b5502f0a1
flatline-8-seed-0,flatline,8,0,"[""Cp1"", ""F6"", ""Af4"", ""C3"", ""Tp7"", ""Fp2"", ""P6"", ""Fc2""]",bandpower_lda,15,0.4666666666666667,0.5,0.0357142857142857,1.0,0.0,7,0,8,0,True,0,c814da9fd8004baace3cb526bdededf419efd3293350bd0024ccc80b5502f0a1
flatline-8-seed-1,flatline,8,1,"[""Oz"", ""Af7"", ""F8"", ""Af3"", ""Po4"", ""F5"", ""F4"", ""Af4""]",csp_lda,15,0.5333333333333333,0.5625,-0.044642857142857206,1.0,0.125,7,0,7,1,False,,ac0fb8d553fda2e9f42e4f8d17ce7ded8ffa7b9ec8593b31a2441b624223d14a
flatline-8-seed-1,flatline,8,1,"[""Oz"", ""Af7"", ""F8"", ""Af3"", ""Po4"", ""F5"", ""F4"", ""Af4""]",bandpower_lda,15,0.5333333333333333,0.5,0.0357142857142857,0.0,1.0,0,7,0,8,True,1,ac0fb8d553fda2e9f42e4f8d17ce7ded8ffa7b9ec8593b31a2441b624223d14a
flatline-8-seed-2,flatline,8,2,"[""P7"", ""Af4"", ""Af8"", ""Af3"", ""Poz"", ""Tp7"", ""Pz"", ""P4""]",csp_lda,15,0.5333333333333333,0.5625,-0.044642857142857206,1.0,0.125,7,0,7,1,False,,e44fee74fd9ec66693e193e7da5b0b7788c4e8f529c9e7bf88dd22d144c1c744
flatline-8-seed-2,flatline,8,2,"[""P7"", ""Af4"", ""Af8"", ""Af3"", ""Poz"", ""Tp7"", ""Pz"", ""P4""]",bandpower_lda,15,0.4666666666666667,0.5,0.0357142857142857,1.0,0.0,7,0,8,0,True,0,e44fee74fd9ec66693e193e7da5b0b7788c4e8f529c9e7bf88dd22d144c1c744
flatline-8-seed-3,flatline,8,3,"[""Tp7"", ""Fc5"", ""Fc2"", ""Fc1"", ""F3"", ""Fcz"", ""F4"", ""Poz""]",csp_lda,15,0.6,0.5982142857142857,-0.008928571428571508,0.5714285714285714,0.625,4,3,3,5,False,,d89b7f509185cfcac4bdd169de90b8c0ecc88f2c660aad532f2d44b2cd1ceb27
flatline-8-seed-3,flatline,8,3,"[""Tp7"", ""Fc5"", ""Fc2"", ""Fc1"", ""F3"", ""Fcz"", ""F4"", ""Poz""]",bandpower_lda,15,0.5333333333333333,0.5,0.0357142857142857,0.0,1.0,0,7,0,8,True,1,d89b7f509185cfcac4bdd169de90b8c0ecc88f2c660aad532f2d44b2cd1ceb27
flatline-8-seed-4,flatline,8,4,"[""Fp2"", ""Poz"", ""Iz"", ""T8"", ""O2"", ""F2"", ""Fz"", ""C2""]",csp_lda,15,0.4666666666666667,0.4732142857142857,-0.1339285714285715,0.5714285714285714,0.375,4,3,5,3,False,,d9fc45556d54673f964e3059da1bc8a97ff62478d791e85adf6c22a2ea06015f
flatline-8-seed-4,flatline,8,4,"[""Fp2"", ""Poz"", ""Iz"", ""T8"", ""O2"", ""F2"", ""Fz"", ""C2""]",bandpower_lda,15,0.4666666666666667,0.5,0.0357142857142857,1.0,0.0,7,0,8,0,True,0,d9fc45556d54673f964e3059da1bc8a97ff62478d791e85adf6c22a2ea06015f
flatline-8-seed-5,flatline,8,5,"[""F1"", ""Oz"", ""C2"", ""F3"", ""Af4"", ""T9"", ""C4"", ""P3""]",csp_lda,15,0.5333333333333333,0.5267857142857143,-0.0803571428571429,0.42857142857142855,0.625,3,4,3,5,False,,a6efa3c356749e2018e6013d3a5ad52c3346196d8972f09c13b0c93a1b81aeab
flatline-8-seed-5,flatline,8,5,"[""F1"", ""Oz"", ""C2"", ""F3"", ""Af4"", ""T9"", ""C4"", ""P3""]",bandpower_lda,15,0.4666666666666667,0.5,0.0357142857142857,1.0,0.0,7,0,8,0,True,0,a6efa3c356749e2018e6013d3a5ad52c3346196d8972f09c13b0c93a1b81aeab
flatline-8-seed-6,flatline,8,6,"[""Fc4"", ""F2"", ""P6"", ""Fc2"", ""Cp2"", ""C3"", ""Afz"", ""Fc1""]",csp_lda,15,0.6,0.5982142857142857,-0.008928571428571508,0.5714285714285714,0.625,4,3,3,5,False,,29254329c7814b6cb75ce55d6a996ca8833c72ff03169e5ecfa2bb34fda0cc29
flatline-8-seed-6,flatline,8,6,"[""Fc4"", ""F2"", ""P6"", ""Fc2"", ""Cp2"", ""C3"", ""Afz"", ""Fc1""]",bandpower_lda,15,0.5333333333333333,0.5,0.0357142857142857,0.0,1.0,0,7,0,8,True,1,29254329c7814b6cb75ce55d6a996ca8833c72ff03169e5ecfa2bb34fda0cc29
flatline-8-seed-7,flatline,8,7,"[""Cp1"", ""Af4"", ""P8"", ""Cz"", ""F4"", ""P6"", ""P1"", ""C4""]",csp_lda,15,0.4666666666666667,0.48214285714285715,-0.12500000000000006,0.7142857142857143,0.25,5,2,6,2,False,,77b4e52957b8f287ebfceb2a3df6d249cee0f86487c3d7894c57c940aa3448c3
flatline-8-seed-7,flatline,8,7,"[""Cp1"", ""Af4"", ""P8"", ""Cz"", ""F4"", ""P6"", ""P1"", ""C4""]",bandpower_lda,15,0.6,0.5892857142857143,0.125,0.42857142857142855,0.75,3,4,2,6,False,,77b4e52957b8f287ebfceb2a3df6d249cee0f86487c3d7894c57c940aa3448c3
flatline-8-seed-8,flatline,8,8,"[""Cp1"", ""T10"", ""Fc3"", ""Tp8"", ""Fc5"", ""C4"", ""T9"", ""Cp4""]",csp_lda,15,0.4666666666666667,0.4732142857142857,-0.1339285714285715,0.5714285714285714,0.375,4,3,5,3,False,,27d24f6ae0fa501cce1c41ab9de261f2739549537b0624f9dc3dabe5f2393c37
flatline-8-seed-8,flatline,8,8,"[""Cp1"", ""T10"", ""Fc3"", ""Tp8"", ""Fc5"", ""C4"", ""T9"", ""Cp4""]",bandpower_lda,15,0.4666666666666667,0.5,0.0357142857142857,1.0,0.0,7,0,8,0,True,0,27d24f6ae0fa501cce1c41ab9de261f2739549537b0624f9dc3dabe5f2393c37
flatline-8-seed-9,flatline,8,9,"[""Fp1"", ""O1"", ""T10"", ""F7"", ""P1"", ""Cp2"", ""P6"", ""P4""]",csp_lda,15,0.5333333333333333,0.5625,-0.044642857142857206,1.0,0.125,7,0,7,1,False,,b41b70668ae326f2fa47927e168aa5d6a396c8b079c86bee3dbb993665bfb9c3
flatline-8-seed-9,flatline,8,9,"[""Fp1"", ""O1"", ""T10"", ""F7"", ""P1"", ""Cp2"", ""P6"", ""P4""]",bandpower_lda,15,0.4666666666666667,0.5,0.0357142857142857,1.0,0.0,7,0,8,0,True,0,b41b70668ae326f2fa47927e168aa5d6a396c8b079c86bee3dbb993665bfb9c3
flatline-16-seed-0,flatline,16,0,"[""Cp1"", ""F6"", ""Af4"", ""C3"", ""Tp7"", ""Fp2"", ""P6"", ""Fc2"", ""Po4"", ""Pz"", ""Cz"", ""Fc1"", ""T9"", ""F2"", ""Cp4"", ""P5""]",csp_lda,15,0.6,0.5892857142857143,-0.017857142857142905,0.42857142857142855,0.75,3,4,2,6,False,,d5eace55eb91325c9ae69187a31ff534d859276774507ec031f1e9993a40dc9c
flatline-16-seed-0,flatline,16,0,"[""Cp1"", ""F6"", ""Af4"", ""C3"", ""Tp7"", ""Fp2"", ""P6"", ""Fc2"", ""Po4"", ""Pz"", ""Cz"", ""Fc1"", ""T9"", ""F2"", ""Cp4"", ""P5""]",bandpower_lda,15,0.4666666666666667,0.5,0.0357142857142857,1.0,0.0,7,0,8,0,True,0,d5eace55eb91325c9ae69187a31ff534d859276774507ec031f1e9993a40dc9c
flatline-16-seed-1,flatline,16,1,"[""Oz"", ""Af7"", ""F8"", ""Af3"", ""Po4"", ""F5"", ""F4"", ""Af4"", ""Tp7"", ""Fcz"", ""Fc6"", ""Cp3"", ""Po3"", ""Cp1"", ""T10"", ""Ft8""]",csp_lda,15,0.4666666666666667,0.5,-0.1071428571428572,1.0,0.0,7,0,8,0,True,0,8ff34fcfba69781a20a8425dd3503f74b9a207961443ad4bdfcc39865d26ddeb
flatline-16-seed-1,flatline,16,1,"[""Oz"", ""Af7"", ""F8"", ""Af3"", ""Po4"", ""F5"", ""F4"", ""Af4"", ""Tp7"", ""Fcz"", ""Fc6"", ""Cp3"", ""Po3"", ""Cp1"", ""T10"", ""Ft8""]",bandpower_lda,15,0.4666666666666667,0.5,0.0357142857142857,1.0,0.0,7,0,8,0,True,0,8ff34fcfba69781a20a8425dd3503f74b9a207961443ad4bdfcc39865d26ddeb
flatline-16-seed-2,flatline,16,2,"[""P7"", ""Af4"", ""Af8"", ""Af3"", ""Poz"", ""Tp7"", ""Pz"", ""P4"", ""P8"", ""Fc6"", ""T10"", ""Fz"", ""Fp2"", ""P3"", ""P1"", ""Cp5""]",csp_lda,15,0.4666666666666667,0.5,-0.1071428571428572,1.0,0.0,7,0,8,0,True,0,78741515ce4ab56ab6568c0b1ef9b016398f1fc3a0d245ee9b0c85aec4794427
flatline-16-seed-2,flatline,16,2,"[""P7"", ""Af4"", ""Af8"", ""Af3"", ""Poz"", ""Tp7"", ""Pz"", ""P4"", ""P8"", ""Fc6"", ""T10"", ""Fz"", ""Fp2"", ""P3"", ""P1"", ""Cp5""]",bandpower_lda,15,0.4666666666666667,0.5,0.0357142857142857,1.0,0.0,7,0,8,0,True,0,78741515ce4ab56ab6568c0b1ef9b016398f1fc3a0d245ee9b0c85aec4794427
flatline-16-seed-3,flatline,16,3,"[""Tp7"", ""Fc5"", ""Fc2"", ""Fc1"", ""F3"", ""Fcz"", ""F4"", ""Poz"", ""Af8"", ""Cpz"", ""P4"", ""P3"", ""T9"", ""Fpz"", ""Oz"", ""F5""]",csp_lda,15,0.6,0.6160714285714286,0.008928571428571397,0.8571428571428571,0.375,6,1,5,3,False,,d26e619b249710ef8ff79841ab3c4877345842f647bea522c181a8117f8ce488
flatline-16-seed-3,flatline,16,3,"[""Tp7"", ""Fc5"", ""Fc2"", ""Fc1"", ""F3"", ""Fcz"", ""F4"", ""Poz"", ""Af8"", ""Cpz"", ""P4"", ""P3"", ""T9"", ""Fpz"", ""Oz"", ""F5""]",bandpower_lda,15,0.5333333333333333,0.5,0.0357142857142857,0.0,1.0,0,7,0,8,True,1,d26e619b249710ef8ff79841ab3c4877345842f647bea522c181a8117f8ce488
flatline-16-seed-4,flatline,16,4,"[""Fp2"", ""Poz"", ""Iz"", ""T8"", ""O2"", ""F2"", ""Fz"", ""C2"", ""O1"", ""Afz"", ""Po3"", ""Cp2"", ""Fc5"", ""Po7"", ""F4"", ""T7""]",csp_lda,15,0.5333333333333333,0.5446428571428572,-0.0625,0.7142857142857143,0.375,5,2,5,3,False,,522ef5d548c95481909b09a981f6088b2bbfa4a6a1685eb17fcb225136681435
flatline-16-seed-4,flatline,16,4,"[""Fp2"", ""Poz"", ""Iz"", ""T8"", ""O2"", ""F2"", ""Fz"", ""C2"", ""O1"", ""Afz"", ""Po3"", ""Cp2"", ""Fc5"", ""Po7"", ""F4"", ""T7""]",bandpower_lda,15,0.4666666666666667,0.5,0.0357142857142857,1.0,0.0,7,0,8,0,True,0,522ef5d548c95481909b09a981f6088b2bbfa4a6a1685eb17fcb225136681435
flatline-16-seed-5,flatline,16,5,"[""F1"", ""Oz"", ""C2"", ""F3"", ""Af4"", ""T9"", ""C4"", ""P3"", ""Afz"", ""Ft8"", ""T10"", ""Iz"", ""Cpz"", ""P5"", ""Af8"", ""Fc6""]",csp_lda,15,0.3333333333333333,0.33035714285714285,-0.27678571428571436,0.2857142857142857,0.375,2,5,5,3,False,,7fc992a8b0a1dc0f06dc168a83898219890c3dd37ece5a3d1735f24b90442af5
flatline-16-seed-5,flatline,16,5,"[""F1"", ""Oz"", ""C2"", ""F3"", ""Af4"", ""T9"", ""C4"", ""P3"", ""Afz"", ""Ft8"", ""T10"", ""Iz"", ""Cpz"", ""P5"", ""Af8"", ""Fc6""]",bandpower_lda,15,0.4666666666666667,0.5,0.0357142857142857,1.0,0.0,7,0,8,0,True,0,7fc992a8b0a1dc0f06dc168a83898219890c3dd37ece5a3d1735f24b90442af5
flatline-16-seed-6,flatline,16,6,"[""Fc4"", ""F2"", ""P6"", ""Fc2"", ""Cp2"", ""C3"", ""Afz"", ""Fc1"", ""O1"", ""Iz"", ""Po8"", ""Tp7"", ""Cp1"", ""Fz"", ""P3"", ""Pz""]",csp_lda,15,0.6666666666666666,0.6428571428571428,0.03571428571428559,0.2857142857142857,1.0,2,5,0,8,False,,b371332af4a0993368833fd62ab291ff7c094c26c039ffcf019f652c09fd52f2
flatline-16-seed-6,flatline,16,6,"[""Fc4"", ""F2"", ""P6"", ""Fc2"", ""Cp2"", ""C3"", ""Afz"", ""Fc1"", ""O1"", ""Iz"", ""Po8"", ""Tp7"", ""Cp1"", ""Fz"", ""P3"", ""Pz""]",bandpower_lda,15,0.5333333333333333,0.5,0.0357142857142857,0.0,1.0,0,7,0,8,True,1,b371332af4a0993368833fd62ab291ff7c094c26c039ffcf019f652c09fd52f2
flatline-16-seed-7,flatline,16,7,"[""Cp1"", ""Af4"", ""P8"", ""Cz"", ""F4"", ""P6"", ""P1"", ""C4"", ""Fc5"", ""Poz"", ""Fc6"", ""Fc2"", ""Tp8"", ""Oz"", ""F1"", ""Fpz""]",csp_lda,15,0.4666666666666667,0.5,-0.1071428571428572,1.0,0.0,7,0,8,0,True,0,f2e8c365eb0ca02edbc86f43eb63177457ee5ab0a1ad688ec3764ec2428864ac
flatline-16-seed-7,flatline,16,7,"[""Cp1"", ""Af4"", ""P8"", ""Cz"", ""F4"", ""P6"", ""P1"", ""C4"", ""Fc5"", ""Poz"", ""Fc6"", ""Fc2"", ""Tp8"", ""Oz"", ""F1"", ""Fpz""]",bandpower_lda,15,0.4666666666666667,0.5,0.0357142857142857,1.0,0.0,7,0,8,0,True,0,f2e8c365eb0ca02edbc86f43eb63177457ee5ab0a1ad688ec3764ec2428864ac
flatline-16-seed-8,flatline,16,8,"[""Cp1"", ""T10"", ""Fc3"", ""Tp8"", ""Fc5"", ""C4"", ""T9"", ""Cp4"", ""P7"", ""Ft7"", ""Fc4"", ""P2"", ""P1"", ""P3"", ""F3"", ""C6""]",csp_lda,15,0.5333333333333333,0.5178571428571428,-0.08928571428571441,0.2857142857142857,0.75,2,5,2,6,False,,b76c4e79d12909e1c57f8997fcbebb1b54f2f6489050839b7eda635f4a93e1fa
flatline-16-seed-8,flatline,16,8,"[""Cp1"", ""T10"", ""Fc3"", ""Tp8"", ""Fc5"", ""C4"", ""T9"", ""Cp4"", ""P7"", ""Ft7"", ""Fc4"", ""P2"", ""P1"", ""P3"", ""F3"", ""C6""]",bandpower_lda,15,0.4666666666666667,0.5,0.0357142857142857,1.0,0.0,7,0,8,0,True,0,b76c4e79d12909e1c57f8997fcbebb1b54f2f6489050839b7eda635f4a93e1fa
flatline-16-seed-9,flatline,16,9,"[""Fp1"", ""O1"", ""T10"", ""F7"", ""P1"", ""Cp2"", ""P6"", ""P4"", ""Fc6"", ""Ft7"", ""Po4"", ""P3"", ""T8"", ""Cp3"", ""Cp1"", ""Oz""]",csp_lda,15,0.6666666666666666,0.6875,0.0803571428571428,1.0,0.375,7,0,5,3,False,,0b9b4e1d38207b7fc7c187beadc8b1901080af80f49b28f52d007342dc2eb4d9
flatline-16-seed-9,flatline,16,9,"[""Fp1"", ""O1"", ""T10"", ""F7"", ""P1"", ""Cp2"", ""P6"", ""P4"", ""Fc6"", ""Ft7"", ""Po4"", ""P3"", ""T8"", ""Cp3"", ""Cp1"", ""Oz""]",bandpower_lda,15,0.4666666666666667,0.5,0.0357142857142857,1.0,0.0,7,0,8,0,True,0,0b9b4e1d38207b7fc7c187beadc8b1901080af80f49b28f52d007342dc2eb4d9
