corruption,severity,decoder,n_replicates,constant_prediction_replicates,accuracy_mean,accuracy_std,accuracy_min,accuracy_max,balanced_accuracy_mean,balanced_accuracy_std,balanced_accuracy_min,balanced_accuracy_max,delta_balanced_accuracy_mean,delta_balanced_accuracy_std,delta_balanced_accuracy_min,delta_balanced_accuracy_max
flatline,0,bandpower_lda,10,0,0.4666666666666667,0.0,0.4666666666666667,0.4666666666666667,0.4642857142857143,0.0,0.4642857142857143,0.4642857142857143,0.0,0.0,0.0,0.0
flatline,0,csp_lda,10,0,0.5999999999999999,1.1702778228589004e-16,0.6,0.6,0.6071428571428573,1.1702778228589004e-16,0.6071428571428572,0.6071428571428572,0.0,0.0,0.0,0.0
flatline,1,bandpower_lda,10,10,0.48,0.02810913475705225,0.4666666666666667,0.5333333333333333,0.5,0.0,0.5,0.5,0.0357142857142857,0.0,0.0357142857142857,0.0357142857142857
flatline,1,csp_lda,10,0,0.5666666666666667,0.04714045207910316,0.4666666666666667,0.6,0.5776785714285715,0.04687854295000696,0.48214285714285715,0.625,-0.02946428571428575,0.04687854295000696,-0.12500000000000006,0.017857142857142794
flatline,2,bandpower_lda,10,9,0.48,0.02810913475705225,0.4666666666666667,0.5333333333333333,0.5035714285714286,0.011293848786315636,0.5,0.5357142857142857,0.03928571428571427,0.011293848786315635,0.0357142857142857,0.0714285714285714
flatline,2,csp_lda,10,1,0.5399999999999999,0.05837300238472753,0.4666666666666667,0.6666666666666666,0.5526785714285714,0.0560678266965663,0.48214285714285715,0.6785714285714286,-0.054464285714285764,0.05606782669656629,-0.12500000000000006,0.0714285714285714
flatline,4,bandpower_lda,10,10,0.4866666666666667,0.032203059435976525,0.4666666666666667,0.5333333333333333,0.5,0.0,0.5,0.5,0.0357142857142857,0.0,0.0357142857142857,0.0357142857142857
flatline,4,csp_lda,10,3,0.5266666666666666,0.05837300238472753,0.4666666666666667,0.6,0.5392857142857144,0.04041486951611419,0.49107142857142855,0.5892857142857143,-0.06785714285714292,0.04041486951611419,-0.11607142857142866,-0.017857142857142905
flatline,8,bandpower_lda,10,9,0.5,0.04714045207910316,0.4666666666666667,0.6,0.5089285714285714,0.028234621965789106,0.5,0.5892857142857143,0.04464285714285713,0.02823462196578911,0.0357142857142857,0.125
flatline,8,csp_lda,10,0,0.5333333333333333,0.05443310539518172,0.4666666666666667,0.6,0.5446428571428571,0.0527382296031826,0.4732142857142857,0.6071428571428572,-0.06250000000000007,0.0527382296031826,-0.1339285714285715,0.0
flatline,16,bandpower_lda,10,10,0.48,0.02810913475705225,0.4666666666666667,0.5333333333333333,0.5,0.0,0.5,0.5,0.0357142857142857,0.0,0.0357142857142857,0.0357142857142857
flatline,16,csp_lda,10,3,0.5333333333333333,0.10423146132940954,0.3333333333333333,0.6666666666666666,0.5428571428571429,0.09985107958974752,0.33035714285714285,0.6875,-0.06428571428571435,0.09985107958974752,-0.27678571428571436,0.0803571428571428
gaussian,0.0,bandpower_lda,10,0,0.4666666666666667,0.0,0.4666666666666667,0.4666666666666667,0.4642857142857143,0.0,0.4642857142857143,0.4642857142857143,0.0,0.0,0.0,0.0
gaussian,0.0,csp_lda,10,0,0.5999999999999999,1.1702778228589004e-16,0.6,0.6,0.6071428571428573,1.1702778228589004e-16,0.6071428571428572,0.6071428571428572,0.0,0.0,0.0,0.0
gaussian,0.25,bandpower_lda,10,0,0.6,0.04444444444444443,0.5333333333333333,0.6666666666666666,0.5821428571428571,0.04470234132266333,0.5178571428571428,0.6517857142857143,0.1178571428571428,0.04470234132266333,0.05357142857142849,0.1875
gaussian,0.25,csp_lda,10,0,0.5533333333333333,0.04499657051403685,0.4666666666666667,0.6,0.5776785714285715,0.04415407020988862,0.49107142857142855,0.625,-0.02946428571428577,0.04415407020988862,-0.11607142857142866,0.017857142857142794
gaussian,0.5,bandpower_lda,10,10,0.5333333333333333,0.0,0.5333333333333333,0.5333333333333333,0.5,0.0,0.5,0.5,0.0357142857142857,0.0,0.0357142857142857,0.0357142857142857
gaussian,0.5,csp_lda,10,10,0.4666666666666667,0.0,0.4666666666666667,0.4666666666666667,0.5,0.0,0.5,0.5,-0.1071428571428572,0.0,-0.1071428571428572,-0.1071428571428572
gaussian,1.0,bandpower_lda,10,10,0.5333333333333333,0.0,0.5333333333333333,0.5333333333333333,0.5,0.0,0.5,0.5,0.0357142857142857,0.0,0.0357142857142857,0.0357142857142857
gaussian,1.0,csp_lda,10,10,0.4666666666666667,0.0,0.4666666666666667,0.4666666666666667,0.5,0.0,0.5,0.5,-0.1071428571428572,0.0,-0.1071428571428572,-0.1071428571428572
gaussian,2.0,bandpower_lda,10,10,0.5333333333333333,0.0,0.5333333333333333,0.5333333333333333,0.5,0.0,0.5,0.5,0.0357142857142857,0.0,0.0357142857142857,0.0357142857142857
gaussian,2.0,csp_lda,10,10,0.4666666666666667,0.0,0.4666666666666667,0.4666666666666667,0.5,0.0,0.5,0.5,-0.1071428571428572,0.0,-0.1071428571428572,-0.1071428571428572
